timeStamp,elapsed,label,responseCode,responseMessage,threadName,dataType,success,failureMessage,bytes,sentBytes,grpThreads,allThreads,URL,Latency,IdleTime,Connect
1681882835513,377,HomePage,200,OK,Users 1-1,text,true,,21424,129,1,1,https://jmeter.apache.org/index.html,352,0,306
1681882835897,145,Get Started,200,OK,Users 1-1,text,true,,101108,292,1,1,https://jmeter.apache.org/usermanual/get-started.html,60,0,29
1681882835897,60,Get Started-0,301,Moved Permanently,Users 1-1,,true,,347,146,1,1,http://jmeter.apache.org/usermanual/get-started.html,60,0,29
1681882835959,83,Get Started-1,200,OK,Users 1-1,text,true,,100761,146,1,1,https://jmeter.apache.org/usermanual/get-started.html,39,0,0
1681882836043,36,HomePage,200,OK,Users 1-1,text,true,,21424,129,1,1,https://jmeter.apache.org/index.html,35,0,0
1681882836079,112,Get Started,200,OK,Users 1-1,text,true,,101108,292,1,1,https://jmeter.apache.org/usermanual/get-started.html,55,0,28
1681882836079,55,Get Started-0,301,Moved Permanently,Users 1-1,,true,,347,146,1,1,http://jmeter.apache.org/usermanual/get-started.html,55,0,28
1681882836134,57,Get Started-1,200,OK,Users 1-1,text,true,,100761,146,1,1,https://jmeter.apache.org/usermanual/get-started.html,32,0,0
1681882837435,104,HomePage,200,OK,Users 1-2,text,true,,21424,129,1,1,https://jmeter.apache.org/index.html,99,0,67
1681882837541,129,Get Started,200,OK,Users 1-2,text,true,,101108,292,1,1,https://jmeter.apache.org/usermanual/get-started.html,55,0,28
1681882837541,55,Get Started-0,301,Moved Permanently,Users 1-2,,true,,347,146,1,1,http://jmeter.apache.org/usermanual/get-started.html,55,0,28
1681882837596,74,Get Started-1,200,OK,Users 1-2,text,true,,100761,146,1,1,https://jmeter.apache.org/usermanual/get-started.html,31,0,0
1681882837671,32,HomePage,200,OK,Users 1-2,text,true,,21424,129,1,1,https://jmeter.apache.org/index.html,32,0,0
1681882837704,108,Get Started,200,OK,Users 1-2,text,true,,101108,292,1,1,https://jmeter.apache.org/usermanual/get-started.html,60,0,30
1681882837704,60,Get Started-0,301,Moved Permanently,Users 1-2,,true,,347,146,1,1,http://jmeter.apache.org/usermanual/get-started.html,60,0,30
1681882837764,48,Get Started-1,200,OK,Users 1-2,text,true,,100761,146,1,1,https://jmeter.apache.org/usermanual/get-started.html,33,0,0
1681882839435,103,HomePage,200,OK,Users 1-3,text,true,,21424,129,1,1,https://jmeter.apache.org/index.html,98,0,70
1681882839539,127,Get Started,200,OK,Users 1-3,text,true,,101108,292,1,1,https://jmeter.apache.org/usermanual/get-started.html,56,0,27
1681882839539,56,Get Started-0,301,Moved Permanently,Users 1-3,,true,,347,146,1,1,http://jmeter.apache.org/usermanual/get-started.html,56,0,27
1681882839595,71,Get Started-1,200,OK,Users 1-3,text,true,,100761,146,1,1,https://jmeter.apache.org/usermanual/get-started.html,32,0,0
1681882839667,32,HomePage,200,OK,Users 1-3,text,true,,21424,129,1,1,https://jmeter.apache.org/index.html,31,0,0
1681882839699,110,Get Started,200,OK,Users 1-3,text,true,,101108,292,1,1,https://jmeter.apache.org/usermanual/get-started.html,57,0,29
1681882839699,57,Get Started-0,301,Moved Permanently,Users 1-3,,true,,347,146,1,1,http://jmeter.apache.org/usermanual/get-started.html,57,0,29
1681882839756,53,Get Started-1,200,OK,Users 1-3,text,true,,100761,146,1,1,https://jmeter.apache.org/usermanual/get-started.html,42,0,0
1681882841429,112,HomePage,200,OK,Users 1-4,text,true,,21424,129,1,1,https://jmeter.apache.org/index.html,109,0,71
1681882841544,129,Get Started,200,OK,Users 1-4,text,true,,101108,292,1,1,https://jmeter.apache.org/usermanual/get-started.html,56,0,28
1681882841544,56,Get Started-0,301,Moved Permanently,Users 1-4,,true,,347,146,1,1,http://jmeter.apache.org/usermanual/get-started.html,56,0,28
1681882841600,73,Get Started-1,200,OK,Users 1-4,text,true,,100761,146,1,1,https://jmeter.apache.org/usermanual/get-started.html,32,0,0
1681882841674,34,HomePage,200,OK,Users 1-4,text,true,,21424,129,1,1,https://jmeter.apache.org/index.html,33,0,0
1681882841708,102,Get Started,200,OK,Users 1-4,text,true,,101108,292,1,1,https://jmeter.apache.org/usermanual/get-started.html,50,0,25
1681882841708,50,Get Started-0,301,Moved Permanently,Users 1-4,,true,,347,146,1,1,http://jmeter.apache.org/usermanual/get-started.html,50,0,25
1681882841759,51,Get Started-1,200,OK,Users 1-4,text,true,,100761,146,1,1,https://jmeter.apache.org/usermanual/get-started.html,35,0,0
1681882843428,100,HomePage,200,OK,Users 1-5,text,true,,21424,129,1,1,https://jmeter.apache.org/index.html,97,0,69
1681882843529,120,Get Started,200,OK,Users 1-5,text,true,,101108,292,1,1,https://jmeter.apache.org/usermanual/get-started.html,54,0,27
1681882843529,54,Get Started-0,301,Moved Permanently,Users 1-5,,true,,347,146,1,1,http://jmeter.apache.org/usermanual/get-started.html,54,0,27
1681882843584,65,Get Started-1,200,OK,Users 1-5,text,true,,100761,146,1,1,https://jmeter.apache.org/usermanual/get-started.html,32,0,0
1681882843650,37,HomePage,200,OK,Users 1-5,text,true,,21424,129,1,1,https://jmeter.apache.org/index.html,37,0,0
1681882843688,102,Get Started,200,OK,Users 1-5,text,true,,101108,292,1,1,https://jmeter.apache.org/usermanual/get-started.html,54,0,27
1681882843688,54,Get Started-0,301,Moved Permanently,Users 1-5,,true,,347,146,1,1,http://jmeter.apache.org/usermanual/get-started.html,54,0,27
1681882843742,48,Get Started-1,200,OK,Users 1-5,text,true,,100761,146,1,1,https://jmeter.apache.org/usermanual/get-started.html,28,0,0
1681882845428,508,HomePage,200,OK,Users 1-6,text,true,,21424,129,1,1,https://jmeter.apache.org/index.html,451,0,421
1681882845938,176,Get Started,200,OK,Users 1-6,text,true,,101108,292,1,1,https://jmeter.apache.org/usermanual/get-started.html,53,0,26
1681882845938,53,Get Started-0,301,Moved Permanently,Users 1-6,,true,,347,146,1,1,http://jmeter.apache.org/usermanual/get-started.html,53,0,26
1681882845991,123,Get Started-1,200,OK,Users 1-6,text,true,,100761,146,1,1,https://jmeter.apache.org/usermanual/get-started.html,41,0,0
1681882846115,98,HomePage,200,OK,Users 1-6,text,true,,21424,129,1,1,https://jmeter.apache.org/index.html,96,0,0
1681882846214,164,Get Started,200,OK,Users 1-6,text,true,,101108,292,1,1,https://jmeter.apache.org/usermanual/get-started.html,59,0,30
1681882846214,59,Get Started-0,301,Moved Permanently,Users 1-6,,true,,347,146,1,1,http://jmeter.apache.org/usermanual/get-started.html,59,0,30
1681882846273,105,Get Started-1,200,OK,Users 1-6,text,true,,100761,146,1,1,https://jmeter.apache.org/usermanual/get-started.html,38,0,0
1681882847427,146,HomePage,200,OK,Users 1-7,text,true,,21424,129,1,1,https://jmeter.apache.org/index.html,141,0,108
1681882847574,131,Get Started,200,OK,Users 1-7,text,true,,101108,292,1,1,https://jmeter.apache.org/usermanual/get-started.html,57,0,28
1681882847574,57,Get Started-0,301,Moved Permanently,Users 1-7,,true,,347,146,1,1,http://jmeter.apache.org/usermanual/get-started.html,57,0,28
1681882847631,74,Get Started-1,200,OK,Users 1-7,text,true,,100761,146,1,1,https://jmeter.apache.org/usermanual/get-started.html,37,0,0
1681882847705,32,HomePage,200,OK,Users 1-7,text,true,,21424,129,1,1,https://jmeter.apache.org/index.html,32,0,0
1681882847738,156,Get Started,200,OK,Users 1-7,text,true,,101108,292,1,1,https://jmeter.apache.org/usermanual/get-started.html,60,0,30
1681882847738,60,Get Started-0,301,Moved Permanently,Users 1-7,,true,,347,146,1,1,http://jmeter.apache.org/usermanual/get-started.html,60,0,30
1681882847799,95,Get Started-1,200,OK,Users 1-7,text,true,,100761,146,1,1,https://jmeter.apache.org/usermanual/get-started.html,87,0,0
1681882849428,122,HomePage,200,OK,Users 1-8,text,true,,21424,129,1,1,https://jmeter.apache.org/index.html,118,0,81
1681882849551,126,Get Started,200,OK,Users 1-8,text,true,,101109,292,1,1,https://jmeter.apache.org/usermanual/get-started.html,56,0,28
1681882849551,56,Get Started-0,301,Moved Permanently,Users 1-8,,true,,347,146,1,1,http://jmeter.apache.org/usermanual/get-started.html,56,0,28
1681882849607,70,Get Started-1,200,OK,Users 1-8,text,true,,100762,146,1,1,https://jmeter.apache.org/usermanual/get-started.html,36,0,0
1681882849679,48,HomePage,200,OK,Users 1-8,text,true,,21424,129,1,1,https://jmeter.apache.org/index.html,43,0,0
1681882849728,113,Get Started,200,OK,Users 1-8,text,true,,101109,292,1,1,https://jmeter.apache.org/usermanual/get-started.html,60,0,30
1681882849728,60,Get Started-0,301,Moved Permanently,Users 1-8,,true,,347,146,1,1,http://jmeter.apache.org/usermanual/get-started.html,60,0,30
1681882849789,52,Get Started-1,200,OK,Users 1-8,text,true,,100762,146,1,1,https://jmeter.apache.org/usermanual/get-started.html,31,0,0
1681882851430,105,HomePage,200,OK,Users 1-9,text,true,,21424,129,1,1,https://jmeter.apache.org/index.html,102,0,72
1681882851536,157,Get Started,200,OK,Users 1-9,text,true,,101108,292,1,1,https://jmeter.apache.org/usermanual/get-started.html,63,0,29
1681882851536,63,Get Started-0,301,Moved Permanently,Users 1-9,,true,,347,146,1,1,http://jmeter.apache.org/usermanual/get-started.html,63,0,29
1681882851599,94,Get Started-1,200,OK,Users 1-9,text,true,,100761,146,1,1,https://jmeter.apache.org/usermanual/get-started.html,54,0,0
1681882851694,42,HomePage,200,OK,Users 1-9,text,true,,21424,129,1,1,https://jmeter.apache.org/index.html,42,0,0
1681882851736,114,Get Started,200,OK,Users 1-9,text,true,,101108,292,1,1,https://jmeter.apache.org/usermanual/get-started.html,57,0,31
1681882851736,57,Get Started-0,301,Moved Permanently,Users 1-9,,true,,347,146,1,1,http://jmeter.apache.org/usermanual/get-started.html,57,0,31
1681882851794,56,Get Started-1,200,OK,Users 1-9,text,true,,100761,146,1,1,https://jmeter.apache.org/usermanual/get-started.html,37,0,0
1681882853431,102,HomePage,200,OK,Users 1-10,text,true,,21424,129,1,1,https://jmeter.apache.org/index.html,97,0,67
1681882853534,131,Get Started,200,OK,Users 1-10,text,true,,101108,292,1,1,https://jmeter.apache.org/usermanual/get-started.html,60,0,31
1681882853534,60,Get Started-0,301,Moved Permanently,Users 1-10,,true,,347,146,1,1,http://jmeter.apache.org/usermanual/get-started.html,60,0,31
1681882853594,71,Get Started-1,200,OK,Users 1-10,text,true,,100761,146,1,1,https://jmeter.apache.org/usermanual/get-started.html,31,0,0
1681882853666,31,HomePage,200,OK,Users 1-10,text,true,,21424,129,1,1,https://jmeter.apache.org/index.html,30,0,0
1681882853697,115,Get Started,200,OK,Users 1-10,text,true,,101108,292,1,1,https://jmeter.apache.org/usermanual/get-started.html,65,0,30
1681882853697,65,Get Started-0,301,Moved Permanently,Users 1-10,,true,,347,146,1,1,http://jmeter.apache.org/usermanual/get-started.html,65,0,30
1681882853763,49,Get Started-1,200,OK,Users 1-10,text,true,,100761,146,1,1,https://jmeter.apache.org/usermanual/get-started.html,32,0,0
